,Transaction Date,Description,Amount,Category,Bank
0,2024-08-28,COSTCO GAS #0778 FREMONT CA,32.24,,Citi
1,2024-08-27,WENDY'S 0020 FREMONT CA,8.82,,Citi
2,2024-08-25,SIZZLING LUNCH SAN JOSE CA,18.05,,Citi
3,2024-08-24,CHIPOTLE 2045 SAN JOSE CA,11.59,,Citi
4,2024-08-23,TST*BLAST AND BREW - SAN San Jose CA,92.66,,Citi
5,2024-08-23,INTERNET PAYMENT - THANK YOU,44.62,Payments and Credits,Discover
6,2024-08-22,AUTOPAY 240716105610556RAUTOPAY AUTO-PMT,,,Citi
7,2024-08-22,CHIPOTLE 3005 FREMONT CA,12.95,,Citi
8,2024-08-18,COSTCO WHSE #0778 FREMONT CA,29.97,,Citi
9,2024-08-18,COSTCO GAS #0778 FREMONT CA,24.75,,Citi
10,2024-08-18,COSTCO WHSE #0778 FREMONT CA,6.05,,Citi
11,2024-08-16,GEN - FREMONT FREMONT CA,37.1,,Citi
12,2024-08-16,COSTCO WHSE #0778 FREMONT CA,159.98,,Citi
13,2024-08-15,PHO HA NOI MILPITAS CA,56.13,,Citi
14,2024-08-14,CHIPOTLE 3005 FREMONT CA,12.24,,Citi
15,2024-08-13,PANDA EXPRESS #1936 SAN JOSE CA,13.13,,Citi
16,2024-08-13,H MART SAN JOSE LLC SAN JOSE CAAPPLE PAY ENDING IN 0143,15.29,Supermarkets,Discover
17,2024-08-11,PY *THE HALAL GUYS FREMONFREMONT CA,18.73,,Citi
18,2024-08-11,COSTCO WHSE #0778 FREMONT CA,80.64,,Citi
19,2024-08-10,COSTCO WHSE #0143 MOUNTAIN VIEWCA,5.99,,Citi
20,2024-08-09,Payment Thank You - Web,345.8,,Chase
21,2024-08-08,COSTCO GAS #0778 FREMONT CA,32.82,,Citi
22,2024-08-08,COSTCO WHSE #0778 FREMONT CA,8.25,,Citi
23,2024-08-08,COSTCO WHSE #0778 FREMONT CA,7.99,,Citi
24,2024-08-06,EPICUREAN GROUP AT XILINX,10.94,Dining,CO
25,2024-08-06,H MART DE ANZA LLC SAN JOSE CAAPPLE PAY ENDING IN 0143,5.17,Supermarkets,Discover
26,2024-08-03,TRADER JOE S #212 SAN JOSE CAAPPLE PAY ENDING IN 0143,21.93,Supermarkets,Discover
27,2024-07-31,PANDA EXPRESS #2957 P olo.com CA,9.7,,Citi
28,2024-07-31,McDonalds 13001,5.02,Dining,CO
29,2024-07-30,POTATO CORNER,7.75,Dining,CO
30,2024-07-30,COSTCO GAS #1004 SAN JOSE CA,29.66,,Citi
31,2024-07-28,MITSUWA MRKTPLACE SJ SAN JOSE CAAPPLE PAY ENDING IN 0143,2.23,Supermarkets,Discover
32,2024-07-27,OBAITORI MILPITAS CA,100.0,,Citi
33,2024-07-27,TEA COUNTRY INC,4.75,Dining,CO
34,2024-07-27,TOFU PLUS. CUPERTINO CA,22.73,,Citi
35,2024-07-26,SQ *ZERO& TEA AND BOBA,16.81,Dining,CO
36,2024-07-25,Online payment from CHK 3318,855.32,,BOA
37,2024-07-25,TST* PARIS BAGUETTE - SAN,7.98,Dining,CO
38,2024-07-24,Payment Thank You-Mobile,850.63,,Chase
39,2024-07-24,SQ *PHILZ COFFEE,6.6,Dining,CO
40,2024-07-24,CAPITAL ONE AUTOPAY PYMT,,Payment/Credit,CO
41,2024-07-23,INTERNET PAYMENT - THANK YOU,184.91,Payments and Credits,Discover
42,2024-07-22,COSTCO GAS #1004 SAN JOSE CA,28.5,,Citi
43,2024-07-22,AUTOPAY 240716105610556RAUTOPAY AUTO-PMT,,,Citi
44,2024-07-21,AMAZON MKTPL*RJ3F490C2,68.21,Shopping,Chase
45,2024-07-20,COSTCO WHSE #0423 SUNNYVALE CA,11.99,,Citi
46,2024-07-20,TOMISUSHI SAN JOSE CA,88.43,,Citi
47,2024-07-20,SMART TEA,14.33,Dining,CO
48,2024-07-20,AMAZON MKTPL*RJ4VO5J80,3.71,Shopping,Chase
49,2024-07-19,WHOLEFDS STZ 10329,3.09,Merchandise,CO
50,2024-07-18,MCDONALD'S F17454,8.94,Dining,CO
51,2024-07-15,AMAZON MKTPL*RY7175R02 Amzn.com/billWA,4.4,,BOA
52,2024-07-15,COSTCO WHSE #0778 FREMONT CA,40.98,,Citi
53,2024-07-15,COSTCO GAS #0778 FREMONT CA,32.0,,Citi
54,2024-07-15,COSTCO WHSE #0778 FREMONT CA,6.05,,Citi
55,2024-07-13,CVS/PHARMACY #09257,33.52,Health Care,CO
56,2024-07-13,COSTCO GAS #0423 SUNNYVALE CA,35.0,,Citi
57,2024-07-13,LION FOOD CENTER SAN JOSE CAAPPLE PAY ENDING IN 0143,37.53,Supermarkets,Discover
58,2024-07-12,CLOVER BAKERY & CAFE,17.25,Dining,CO
59,2024-07-12,AMAZON MKTPL*RY3XN00G1 Amzn.com/billWA,49.6,,BOA
60,2024-07-12,MCDONALD'S F778,7.79,Dining,CO
61,2024-07-12,AMAZON.COM*RY80S30K1 SEATTLE WA,82.67,,BOA
62,2024-07-12,CHIPOTLE 1716,11.91,Dining,CO
63,2024-07-10,MCDONALD'S F380,6.59,Dining,CO
64,2024-07-10,AMAZON MKTPL*RY13G1F51 Amzn.com/billWA,49.6,,BOA
65,2024-07-08,INTERNET PAYMENT - THANK YOU,37.35,Payments and Credits,Discover
66,2024-07-07,COSTCO WHSE #0778 FREMONT CA,101.91,,Citi
67,2024-07-07,AMAZON MKTPLACE PMTS,19.83,Shopping,Chase
68,2024-07-07,COSTCO WHSE #0778 FREMONT CA,3.85,,Citi
69,2024-07-07,TST* DIN TAI FUNG - VALLESANTA CLARA CA,75.81,,Citi
70,2024-07-07,COSTCO GAS #0778 FREMONT CA,28.9,,Citi
71,2024-07-06,ATI9129-070659151,27.38,Entertainment,Chase
72,2024-07-05,STARBUCKS 800-782-7282,10.0,Dining,CO
73,2024-07-05,AMAZON MKTPL*R74182VS2,24.2,Shopping,Chase
74,2024-07-05,CHIPOTLE 1416,12.14,Dining,CO
75,2024-07-05,TST* PARIS BAGUETTE - MIS,19.07,Dining,CO
76,2024-07-04,TRADER JOE S #077 FREMONT CAAPPLE PAY ENDING IN 0143,6.98,Supermarkets,Discover
77,2024-07-04,TARGET 00014225091 FREMONT CAAPPLE PAY ENDING IN 0143,1.44,Supermarkets,Discover
78,2024-07-03,SQ *CAFE #65128 WESTFIELD,3.69,Dining,CO
79,2024-07-03,99 RANCH #1701 FREMONT CAAPPLE PAY ENDING IN 0143,33.93,Supermarkets,Discover
80,2024-07-03,AMAZON MKTPL*R78NZ2NX2,59.83,Shopping,Chase
81,2024-07-02,UBER   EATS,10.72,Dining,CO
82,2024-07-01,PAYMENT - THANK YOU,14.99,,BOA
83,2024-07-01,AMAZON MKTPL*RC66X29A2,42.66,Shopping,Chase
84,2024-07-01,AMAZON MKTPL*RC8HP9U71,29.74,Shopping,Chase
85,2024-07-01,BATH AND BODY WORKS#5671 FREMONT CAAPPLE PAY ENDING IN 0143,53.02,Merchandise,Discover
86,2024-06-29,COSTCO GAS #0778 FREMONT CA,33.0,,Citi
87,2024-06-29,SHELL OIL 57444212500 FREMONT CA,9.0,,Citi
88,2024-06-29,TARGET 00026153 FREMONT CA,39.94,,Citi
89,2024-06-29,BRIAN BLACK TEA FREMONT CA,7.88,,Citi
90,2024-06-29,CAFE MEI.,12.13,Food & Drink,Chase
91,2024-06-29,BOILING POINT- FREMONT,52.53,Food & Drink,Chase
92,2024-06-28,YOKEE MILK TEA (FREMON,8.27,Food & Drink,Chase
93,2024-06-27,JULIES NOODLE,17.14,Food & Drink,Chase
94,2024-06-27,168 MARKET #1703 FREMONT CA,1.49,,Citi
95,2024-06-25,UNION 76 FREMONT CAAPPLE PAY ENDING IN 0143,20.01,Gasoline,Discover
96,2024-06-25,TST* DIN TAI FUNG - VALLE,39.55,Food & Drink,Chase
97,2024-06-25,TST* SHIHLIN TAIWAN STREE,9.84,Food & Drink,Chase
98,2024-06-24,DLR LIGHTNING/GENIE 714-781-4669 CA,60.0,,BOA
99,2024-06-24,CAPITAL ONE AUTOPAY PYMT,,Payment/Credit,CO
100,2024-06-23,SHERATON GARDEN GROVE,72.0,Lodging,CO
101,2024-06-23,IN-N-OUT ORANGE 2,5.82,Food & Drink,Chase
102,2024-06-23,COSTCO GAS #0122 TUSTIN CA,15.44,,Citi
103,2024-06-23,EREWHON LOS ANGELES CA,5.81,,Citi
104,2024-06-23,SQ *CAFE #65117 IRVINE SP,3.5,Dining,CO
105,2024-06-23,SQ *YUK DAE JANG IRVINE,47.5,Food & Drink,Chase
106,2024-06-23,SHISO SUSHI BAR,21.35,Food & Drink,Chase
107,2024-06-22,RAISING CANES 0625 MOB,19.76,Food & Drink,Chase
108,2024-06-22,COCOS OF GARDEN GROVE 531,45.21,Food & Drink,Chase
109,2024-06-22,SQ *LUV FISH,34.52,Food & Drink,Chase
110,2024-06-22,DLR WORLD OF DISNEY,77.57,Merchandise,CO
111,2024-06-22,DLR EMPORIUM,19.38,Merchandise,CO
112,2024-06-22,TARGET        00001925,2.19,Merchandise,CO
113,2024-06-21,COCOS OF GARDEN GROVE 531GARDEN GROVE CA,29.12,,Citi
114,2024-06-20,DLR SCHMOOZIES,7.32,Food & Drink,Chase
115,2024-06-20,TT* ANAHEIMRES JUN20 4159186628 CA,32.0,Travel/ Entertainment,Discover
116,2024-06-20,DLR PIXARTURKEYCART,14.0,Food & Drink,Chase
117,2024-06-19,URBAN PLATES #9,26.58,Food & Drink,Chase
118,2024-06-19,MCDONALD'S F22694,2.15,Food & Drink,Chase
119,2024-06-19,DLR WORLD OF DISNEY,29.08,Shopping,Chase
120,2024-06-19,SHELL OIL13010257015 CASTAIC CA,29.72,,Citi
121,2024-06-18,COSTCO GAS #0129 SANTA CLARA CA,10.0,,Citi
122,2024-06-18,SKILLETZ,53.45,Food & Drink,Chase
123,2024-06-17,COSTCO GAS #0423 SUNNYVALE CA,28.37,,Citi
124,2024-06-17,STARBUCKS 800-782-7282 800-782-7282 WA,10.0,,BOA
125,2024-06-17,COSTCO WHSE #0423 SUNNYVALE CA,67.0,,Citi
126,2024-06-17,COSTCO WHSE #0423 SUNNYVALE CA,3.81,,Citi
127,2024-06-16,SNACK* SHARETEA 2855 S,6.75,Food & Drink,Chase
128,2024-06-16,LION FOOD CENTER SAN JOSE CA,9.58,,Citi
129,2024-06-16,DAISO BA12 SARATOGA,1.91,Merchandise,CO
130,2024-06-16,AMZN Mktp US*MS5PZ85E3,23.1,Shopping,Chase
131,2024-06-16,SMART TEA,14.33,Dining,CO
132,2024-06-15,PANDA EXPRESS #1860,30.0,Food & Drink,Chase
133,2024-06-15,Lillians Italian Kitch,79.0,Food & Drink,Chase
134,2024-06-15,TAPS PAYMASTER STN #26 SANTA CRUZ CA,5.45,,BOA
135,2024-06-15,LAZ PARKING M18387-WC,2.0,Gas/Automotive,CO
136,2024-06-15,99 RANCH #1768 CUPERTINO CA,6.73,,Citi
137,2024-06-14,TST* CHARLIE HONG KONG,10.43,Food & Drink,Chase
138,2024-06-14,STARBUCKS 800-782-7282,10.0,Dining,CO
139,2024-06-13,GOBI MONGOLIAN BBQ,28.39,Food & Drink,Chase
140,2024-06-13,DISNEYLAND TICKETS 714-781-4669 CA,598.0,,BOA
141,2024-06-12,COTHTL,100.0,Other Travel,CO
142,2024-06-11,Payment Thank You - Web,591.68,,Chase
143,2024-06-11,"ONLINE PAYMENT, THANK YOU",,,Citi
144,2024-06-09,MITSUWA MARKETPLACE SJ,13.78,Groceries,Chase
145,2024-06-09,COSTCO GAS #0423 SUNNYVALE CA,32.01,,Citi
146,2024-06-08,SCU RECREATION CENTER,100.0,Other,CO
147,2024-06-08,BB* BB.Q CHICKEN (MILP,36.07,Food & Drink,Chase
148,2024-06-04,TST* UDON MUGIZO - SAN JO,95.12,Food & Drink,Chase
149,2024-06-03,COSTCO WHSE #0149 SANTA CRUZ CA,15.48,,Citi
150,2024-06-03,MICROSOFT*STORE MSBILL.INFO WA,14.99,,BOA
151,2024-06-03,COSTCO WHSE #0149 SANTA CRUZ CA,4.06,,Citi
152,2024-06-02,SUSHI TOTORO,65.1,Food & Drink,Chase
153,2024-06-02,SAFEWAY #2607 SANTA CRUZ CAAPPLE PAY ENDING IN 0143,37.35,Supermarkets,Discover
154,2024-06-02,THE TEA ZONE &amp; FRUIT BAR,12.65,Food & Drink,Chase
155,2024-06-01,TRADER JOE S #193,6.54,Merchandise,CO
156,2024-06-01,SQ *PONO HAWAIIAN GRILL,50.26,Food & Drink,Chase
157,2024-05-31,SANTA CRUZ PAY BY PHONE,2.65,Gas/Automotive,CO
158,2024-05-31,SANTA CRUZ PAY BY PHONE,2.65,Gas/Automotive,CO
159,2024-05-31,AMZN Mktp US*426857E13,44.08,Shopping,Chase
160,2024-05-31,STARBUCKS 800-782-7282,10.0,Food & Drink,Chase
161,2024-05-30,TACO BELL 30740,9.6,Food & Drink,Chase
162,2024-05-29,COSTCO GAS #1660 NEWARK CA,39.62,,Citi
163,2024-05-29,TRADER JOE S #077 FREMONT CA,10.78,,Citi
164,2024-05-25,SQ *FUGETSU SAN JOSE,54.68,Food & Drink,Chase
165,2024-05-23,99 RANCH #1768,13.62,Merchandise,CO
166,2024-05-21,COSTCO GAS #0778 FREMONT CA,36.54,,Citi
167,2024-05-21,RED POT,80.13,Food & Drink,Chase
168,2024-05-21,UEP*DUAN CHUN ZHEN NOODLE,50.2,Dining,CO
169,2024-05-21,McDonalds 12580,6.66,Food & Drink,Chase
170,2024-05-20,TST* PARIS BAGUETTE - SAN,15.38,Food & Drink,Chase
171,2024-05-19,SQ *GOCHI. �� MOUNTAIN VI,91.1,Food & Drink,Chase
172,2024-05-19,LAZ PARKING M18387-WC,2.0,Travel,Chase
173,2024-05-19,SNACK* SHARETEA 2855 S,6.75,Dining,CO
174,2024-05-18,BOILING POINT- FREMONT,167.78,Food & Drink,Chase
175,2024-05-18,MCDONALD'S F17400,3.75,Dining,CO
176,2024-05-18,STARBUCKS 800-782-7282,15.0,Dining,CO
177,2024-05-17,TAPS PAYMASTER STN #26,5.45,Gas/Automotive,CO
178,2024-05-17,CVS/PHARMACY #09234,19.45,Health Care,CO
179,2024-05-17,944 GREAT CLIPS AT OSGOOD,27.0,Other Services,CO
180,2024-05-15,CAPITAL ONE MOBILE PYMT,,Payment/Credit,CO
181,2024-05-15,COSTCO GAS #0778 FREMONT CA,39.15,,Citi
182,2024-05-14,CHIPOTLE 3005,12.24,Food & Drink,Chase
183,2024-05-12,TOMISUSHI SAN JOSE CA,50.1,,Citi
184,2024-05-12,SUPER KYO-PO PLAZA.,13.96,Merchandise,CO
185,2024-05-12,McDonalds 34947,7.63,Dining,CO
186,2024-05-11,SPECIAL NOODLE,54.11,Dining,CO
187,2024-05-07,COSTCO WHSE #0778 FREMONT CA,68.81,,Citi
188,2024-05-07,COSTCO GAS #0778 FREMONT CA,40.05,,Citi
189,2024-05-07,COSTCO WHSE #0778 FREMONT CA,6.05,,Citi
190,2024-05-05,RANTEI JAPANESE CUISINE,213.95,Food & Drink,Chase
191,2024-05-05,"ONLINE PAYMENT, THANK YOU",,,Citi
192,2024-05-03,INTERNET PAYMENT - THANK YOU,329.27,Payments and Credits,Discover
193,2024-05-03,SARKU JAPAN 133,27.31,Food & Drink,Chase
194,2024-05-03,Costco Annual Membership Renewal 1-800-7,60.0,,Citi
195,2024-04-30,SGD TOFU HOUSE,81.33,Food & Drink,Chase
196,2024-04-28,UNION GAS SAN JOSE CAAPPLE PAY ENDING IN 0143,42.85,Gasoline,Discover
197,2024-04-28,AMZN Mktp US*W710N7873,29.76,Shopping,Chase
198,2024-04-27,CHEUNG HING RESTAURANT MILPITAS CA,95.05,,Citi
199,2024-04-19,COSTCO GAS #0149 SANTA CRUZ CA,43.0,,Citi
200,2024-04-18,TOGGLE INSURANCE WOODLANDHILLSCA,52.08,Payments and Credits,Discover
201,2024-04-16,PAYMENT - THANK YOU,118.0,,BOA
202,2024-04-16,"ONLINE PAYMENT, THANK YOU",,,Citi
203,2024-04-09,COSTCO GAS #0778 FREMONT CA,39.22,,Citi
204,2024-04-01,COSTCO GAS #0778 FREMONT CA,36.9,,Citi
205,2024-03-26,INTUIT *TURBOTAX 800-446-8848 CA,118.0,,BOA
206,2024-03-25,COSTCO GAS #0423 SUNNYVALE CA,27.12,,Citi
207,2024-03-25,INTERNET PAYMENT - THANK YOU,74.76,Payments and Credits,Discover
208,2024-03-23,TOGGLE INSURANCE WOODLANDHILLSCA,338.5,Services,Discover
209,2024-03-21,TIFFANY'S BEAUTY SALON,25.0,Personal,Chase
210,2024-03-19,TRADER JOE S #232,7.98,Groceries,Chase
211,2024-03-18,MITSUWA MRKTPLACE SJ,59.65,Groceries,Chase
212,2024-03-18,TRADER JOE S #062,8.14,Groceries,Chase
213,2024-03-17,SAFEWAY #0767,8.91,Groceries,Chase
214,2024-03-16,COSTCO WHSE #0149 SANTA CRUZ CA,16.99,,Citi
215,2024-03-16,COSTCO GAS #0149 SANTA CRUZ CA,34.07,,Citi
216,2024-03-16,COSTCO WHSE #0149 SANTA CRUZ CA,2.72,,Citi
217,2024-03-12,BERKELEY ER MED GROUP INC,338.0,Health & Wellness,Chase
218,2024-03-11,"ONLINE PAYMENT, THANK YOU",,,Citi
219,2024-03-11,HOTELSCOM7205346930219 HOTELS.COM WA PHONE NUMBER:  FOLIO NUMBER:  ARRIVE:  DEPART:,,,Citi
220,2024-03-10,SQ *PONO HAWAIIAN GRIL SANTA CRUZ CAAPPLE PAY ENDING IN 01430001152921513761743824,17.48,Travel/ Entertainment,Discover
221,2024-03-09,PEET'S #12002 SAN JOSE CAAPPLE PAY ENDING IN 014300969R,6.05,Restaurants,Discover
222,2024-03-09,CVS/PHARMACY #09331,37.68,Health & Wellness,Chase
223,2024-03-09,IN-N-OUT SAN JOSE 2 SAN JOSE CAAPPLE PAY ENDING IN 014300928R,6.4,Restaurants,Discover
224,2024-03-08,BOILING POINT- FREMONT FREMONT CAAPPLE PAY ENDING IN 0143,11.22,Restaurants,Discover
225,2024-03-07,HOTELSCOM7205346930219 HOTELS.COM WA PHONE NUMBER:  FOLIO NUMBER:  ARRIVE:  DEPART:,264.31,,Citi
226,2024-03-06,CHIPOTLE ONLINE 949-524-4000 CAAPPLE PAY ENDING IN 0143,11.25,Restaurants,Discover
227,2024-03-06,COSTCO GAS #0778 FREMONT CA,36.21,,Citi
228,2024-03-04,Payment Thank You - Web,59.69,,Chase
229,2024-03-04,INTERNET PAYMENT - THANK YOU,486.69,Payments and Credits,Discover
230,2024-03-03,POP MART AMERICAS INC. NEW YORK NYAPPLE PAY ENDING IN 0143,16.4,Merchandise,Discover
231,2024-03-03,SMART TEA SAN JOSE CAAPPLE PAY ENDING IN 0143,5.96,Restaurants,Discover
232,2024-02-29,PAYMENT - THANK YOU,3000.0,,BOA
233,2024-02-27,COSTCO WHSE #0778 FREMONT CA,57.14,,Citi
234,2024-02-27,COSTCO GAS #0778 FREMONT CA,30.77,,Citi
235,2024-02-27,COSTCO WHSE #0778 FREMONT CA,4.4,,Citi
236,2024-02-25,MITSUWA MRKTPLACE SJ,13.99,Groceries,Chase
237,2024-02-24,TAPS PAYMASTER STN #26 831-459-4543 CAAPPLE PAY ENDING IN 0143,5.45,Services,Discover
238,2024-02-24,TOYOTA SUNNYVALE SUNNYVALE CA,3000.0,,BOA
239,2024-02-24,LYFT   *1 RIDE 02-22,26.72,Travel,Chase
240,2024-02-24,PAYMENT - THANK YOU,17.5,,BOA
241,2024-02-23,MITSUWA MRKTPLACE SJ,5.99,Groceries,Chase
242,2024-02-23,TOGGLE INSURANCE WOODLANDHILLSCA,339.38,Services,Discover
243,2024-02-23,MCDONALDS F6641 SAN CARLOS CAAPPLE PAY ENDING IN 0143,1.85,Restaurants,Discover
244,2024-02-22,DOORDASH DASHPASS 6506819470 CAAPPLE PAY ENDING IN 0143,4.99,Payments and Credits,Discover
245,2024-02-21,DOORDASH DASHPASS 6506819470 CAAPPLE PAY ENDING IN 0143,4.99,Restaurants,Discover
246,2024-02-20,PY *LIANGS VILLAGE CUPERTINO CAAPPLE PAY ENDING IN 0143,39.56,Restaurants,Discover
247,2024-02-20,IN-N-OUT FREMONT FREMONT CAAPPLE PAY ENDING IN 014302029R,6.39,Restaurants,Discover
248,2024-02-20,SNACK* CHICHA SAN CHEN 186-68682146 CA,7.72,,Citi
249,2024-02-19,TASA MENG CORPORATION TAOYUAN CITY TW,19.45,,Citi
250,2024-02-17,WANG GROUP TAIPEI TWNAPPLE PAY ENDING IN 01431470.00 @ 00000000.0318959 TWD,46.89,Restaurants,Discover
251,2024-02-13,Kindle Svcs*RB4EN06N1,12.99,Shopping,Chase
252,2024-02-11,Payment Thank You-Mobile,310.3,,Chase
253,2024-02-11,"ONLINE PAYMENT, THANK YOU",,,Citi
254,2024-01-31,FAR EASTERN DEPT 00030 NEW TAIPEI CITWNAPPLE PAY ENDING IN 01431127.00 @ 00000000.0319693 TWD,36.03,Restaurants,Discover
255,2024-01-22,DD *DOORDASH WINGSTOP 6506819470 CAAPPLE PAY ENDING IN 0143,11.14,Restaurants,Discover
256,2024-01-18,INTERNET PAYMENT - THANK YOU,152.06,Payments and Credits,Discover
257,2024-01-16,TASA MENG CORPORATION TAOYUAN CITY TW,29.94,,Citi
258,2024-01-14,HABIT MILLBRAE 370 MILLBRAE CAAPPLE PAY ENDING IN 0143,42.95,Restaurants,Discover
259,2024-01-14,DFS San Francisco Int. San FranciscoCA,49.0,,Citi
260,2024-01-13,SQ *ONE ZO FREMONT CAAPPLE PAY ENDING IN 01430001152921513584399438,7.5,Restaurants,Discover
261,2024-01-13,CVS/PHARMACY #09793,15.05,Health & Wellness,Chase
262,2024-01-12,CHIPOTLE 3005,14.44,Food & Drink,Chase
263,2024-01-06,DAISO BA12 SARATOGA SAN JOSE CA,1.91,,Citi
264,2024-01-06,SQ *PHILZ COFFEE SAN MATEO CAAPPLE PAY ENDING IN 01430002305843019093093096,5.45,Restaurants,Discover
265,2024-01-06,COSTCO GAS #0423 SUNNYVALE CA,36.97,,Citi
266,2024-01-06,STEVES HALLMARK 15 SAN MATEO CAAPPLE PAY ENDING IN 0143,15.88,Merchandise,Discover
267,2024-01-05,MITSUWA MRKTPLACE SJ,20.09,Groceries,Chase
268,2024-01-04,"ONLINE PAYMENT, THANK YOU",,,Citi
269,2024-01-04,SQ *ZERO&amp; TEA AND BOBA,6.95,Food & Drink,Chase
270,2024-01-04,Payment Thank You - Web,285.04,,Chase
271,2024-01-04,KENSHO SOCIAL SAN JOSE CAAPPLE PAY ENDING IN 0143,38.55,Restaurants,Discover
272,2024-01-03,944 GREAT CLIPS AT OSGOO FREMONT CAAPPLE PAY ENDING IN 0143,25.0,Services,Discover
273,2024-01-03,COSTCO WHSE #0778 FREMONT CA,29.43,,Citi
274,2024-01-03,99 RANCH #1701,8.99,Groceries,Chase
275,2024-01-03,COSTCO WHSE #0778 FREMONT CA,4.4,,Citi
276,2024-01-02,BURGER KING #3901 FREMONT CAAPPLE PAY ENDING IN 0143,8.26,Restaurants,Discover
277,2024-01-02,168 MARKET #1703,7.62,Groceries,Chase
278,2024-01-01,PAYPAL *AMERICANRED,100.0,Gifts & Donations,Chase
279,2023-12-28,COSTCO WHSE #0778,137.16,Shopping,Chase
280,2023-12-26,PAYPAL *STEAM GAMES,3.99,Entertainment,Chase
281,2023-12-24,TRADER JOE S #077,64.64,Groceries,Chase
282,2023-12-24,SAFEWAY #0309,28.19,Groceries,Chase
283,2023-12-21,COSTCO WHSE #0778,4.4,Shopping,Chase
284,2023-12-18,USPS PO 0528620421,5.15,Shopping,Chase
285,2023-12-13,99 RANCH #1768,4.48,Groceries,Chase
286,2023-12-13,SNACK* SHARETEA 2855 S,6.75,Food & Drink,Chase
287,2023-12-08,CLIPPER SYSTEMS MOBILE #1,3.0,Travel,Chase
288,2023-12-08,MEET FRESH,19.37,Food & Drink,Chase
289,2023-12-06,Payment Thank You - Web,2593.58,,Chase
290,2023-12-04,TRADER JOE S #062,35.9,Groceries,Chase
291,2023-12-02,CLOVER BAKERY &amp; CAFE,12.0,Food & Drink,Chase
292,2023-11-27,COSTCO WHSE #0778,88.18,Shopping,Chase
293,2023-11-27,99 RANCH #1701,8.99,Groceries,Chase
294,2023-11-16,SUTTR HLTH EBR S3UT HOSP,2192.8,Health & Wellness,Chase
295,2023-11-16,BERKELEY ER MED GROUP INC,338.0,Health & Wellness,Chase
296,2023-11-14,LEGO  Westfield Valley,9.94,Shopping,Chase
297,2023-11-13,MITSUWA MRKTPLACE SJ,3.99,Groceries,Chase
298,2023-11-13,Payment Thank You-Mobile,122.39,,Chase
299,2023-11-04,TRADER JOE S #193,12.33,Groceries,Chase
300,2023-10-30,TRADER JOE S #067,16.96,Groceries,Chase
301,2023-10-28,99 RANCH #1761,19.56,Groceries,Chase
302,2023-10-25,60776 - SFO PARKINGCENTRA,8.0,Travel,Chase
303,2023-10-18,COSTCO WHSE #0149,40.95,Shopping,Chase
304,2023-10-14,99 RANCH #1766,15.27,Groceries,Chase
305,2023-10-13,Whole Foods STZ 10329,5.79,Groceries,Chase
306,2023-10-10,TARGET        00027953,8.71,Shopping,Chase
307,2023-10-10,TARGET        00027953,38.67,Shopping,Chase
308,2023-10-10,RITE AID 05979,5.0,Health & Wellness,Chase
309,2023-09-29,Payment Thank You - Web,283.47,,Chase
310,2023-09-18,LYFT   *1 RIDE 09-16,15.99,Travel,Chase
311,2023-09-18,Zipcar Annual Plan,16.39,Travel,Chase
312,2023-09-17,Zipcar Annual Plan,16.39,Travel,Chase
313,2023-09-13,82858 - TERMINAL A EMPLOY,4.0,Travel,Chase
314,2023-09-05,MINT MOBILE,263.65,Bills & Utilities,Chase
315,2023-08-31,LEMONADE I* LEMONADE I,0.17,Bills & Utilities,Chase
316,2023-07-05,Payment Thank You - Web,39.22,,Chase
317,2023-06-23,Whole Foods CAP 10365,21.23,Groceries,Chase
318,2023-06-17,Spotify USA,9.99,Bills & Utilities,Chase
319,2023-06-16,60774 - SFO PARKING IT-A,8.0,Travel,Chase
320,2023-06-14,Zipcar Trip JUN15,42.06,Travel,Chase
321,2023-06-14,Zipcar Extend JUN24,12.18,Travel,Chase
322,2023-06-14,Zipcar Trip JUN24,108.62,Travel,Chase
323,2023-06-14,Zipcar Extend JUN16,18.02,Travel,Chase
324,2023-06-13,Zipcar Trip JUN15,42.06,Travel,Chase
325,2023-06-13,Zipcar Trip JUN24,108.62,Travel,Chase
326,2023-06-13,Zipcar Extend JUN24,12.18,Travel,Chase
327,2023-06-13,Zipcar Extend JUN16,18.02,Travel,Chase
328,2023-06-04,Payment Thank You-Mobile,6.28,,Chase
329,2023-05-20,MITSUWA MRKTPLACE SJ,1.29,Groceries,Chase
330,2023-05-17,Spotify USA,4.99,Bills & Utilities,Chase
331,2023-05-02,Payment Thank You - Web,32.33,,Chase
332,2023-04-17,Spotify USA,4.99,Bills & Utilities,Chase
333,2023-04-02,Payment Thank You - Web,4.99,,Chase
334,2023-03-31,H MART - DE ANZA,27.34,Groceries,Chase
335,2023-03-17,Spotify USA,4.99,Bills & Utilities,Chase
336,2023-03-09,Payment Thank You - Web,4.99,,Chase
337,2023-02-17,Spotify USA,4.99,Bills & Utilities,Chase
338,2023-02-07,Payment Thank You - Web,146.98,,Chase
339,2023-01-17,Spotify USA,4.99,Bills & Utilities,Chase
340,2023-01-17,LYFT   *1 RIDE 01-15,41.99,Travel,Chase
341,2023-01-14,Amazon Prime,8.18,Bills & Utilities,Chase
342,2023-01-13,Zipcar Trip JAN13,345.2,Travel,Chase
343,2023-01-10,Amazon Prime*BF5PD7RS3,8.18,Bills & Utilities,Chase
344,2022-12-30,Zipcar Trip JAN13,345.2,Travel,Chase
345,2022-12-29,PAYPAL *RED CROSS,100.0,Gifts & Donations,Chase
346,2022-12-28,Payment Thank You - Web,58.99,,Chase
347,2022-12-17,Spotify USA,4.99,Bills & Utilities,Chase
348,2022-12-06,Payment Thank You - Web,129.14,,Chase
349,2022-11-28,LYFT   *1 RIDE 11-26,54.0,Travel,Chase
350,2022-11-20,LYFT   *2 RIDES 11-18,96.0,Travel,Chase
351,2022-11-17,Spotify USA,4.99,Bills & Utilities,Chase
352,2022-11-15,LYFT   *RIDE MON 9PM,10.4,Travel,Chase
353,2022-11-15,LYFT   *RIDE MON 2PM,17.75,Travel,Chase
354,2022-11-01,Payment Thank You - Web,1166.24,,Chase
355,2022-10-17,Spotify USA,4.99,Bills & Utilities,Chase
356,2022-10-11,SOUTHWEST,617.96,Travel,Chase
357,2022-10-10,PAYPAL *AIRBNB  HMSMNT3QR,503.29,Travel,Chase
358,2022-10-04,PAYPAL *NATIONALRAI,40.0,Travel,Chase
359,2022-10-01,Payment Thank You - Web,577.6,,Chase
360,2022-09-20,ENTERPRISE RENT-A-CAR,120.14,Travel,Chase
361,2022-09-17,Spotify USA,4.99,Bills & Utilities,Chase
362,2022-09-17,Zipcar SEP18 35254033,45.55,Travel,Chase
363,2022-09-17,Zipcar  Inc.,16.39,Travel,Chase
364,2022-09-16,MINT MOBILE,264.62,Bills & Utilities,Chase
365,2022-08-31,SQ *NICK THE GREEK SANTA,13.66,Food & Drink,Chase
366,2022-08-30,LEMONADE I* LEMONADE I,62.0,Bills & Utilities,Chase
367,2022-08-29,Payment Thank You - Web,24.6,,Chase
368,2022-08-29,PIZZA MY HEART,30.04,Food & Drink,Chase
369,2022-08-27,TST* BEACH HUT - SANTA CR,20.21,Food & Drink,Chase
